received,command,status,details
07/10 07:26,"/buy SPY 3,571 ₪",done,"🟢 בוצע: קנייה SPY | 1 × $777.17 = 2,383 ₪ (עמלה 4 ₪) | מזומן שנותר: 47,614 ₪"
07/10 07:26,"/buy QQQ 3,571 ₪",done,"🟢 בוצע: קנייה QQQ | 1 × $756.97 = 2,321 ₪ (עמלה 3 ₪) | מזומן שנותר: 45,289 ₪"
07/10 07:26,"/buy NVDA 3,571 ₪",done,"🟢 בוצע: קנייה NVDA | 4 × $237.02 = 2,907 ₪ (עמלה 4 ₪) | מזומן שנותר: 42,378 ₪"
07/10 07:26,"/buy AMD 3,571 ₪",done,"🟢 בוצע: קנייה AMD | 1 × $642.74 = 1,971 ₪ (עמלה 3 ₪) | מזומן שנותר: 40,404 ₪"
07/10 07:26,"/buy MRVL 3,571 ₪",done,"🟢 בוצע: קנייה MRVL | 4 × $283.63 = 3,479 ₪ (עמלה 5 ₪) | מזומן שנותר: 36,920 ₪"
07/10 07:26,"/buy CRDO 3,571 ₪",done,"🟢 בוצע: קנייה CRDO | 5 × $218.49 = 3,350 ₪ (עמלה 5 ₪) | מזומן שנותר: 33,566 ₪"
07/10 07:26,"/buy ANET 3,571 ₪",done,"🟢 בוצע: קנייה ANET | 5 × $215.94 = 3,310 ₪ (עמלה 5 ₪) | מזומן שנותר: 30,250 ₪"
07/10 07:26,"/buy AMAT 3,571 ₪",done,"🟢 בוצע: קנייה AMAT | 2 × $519.66 = 3,187 ₪ (עמלה 5 ₪) | מזומן שנותר: 27,059 ₪"
07/10 07:26,"/buy PANW 3,571 ₪",done,"🟢 בוצע: קנייה PANW | 2 × $404.89 = 2,483 ₪ (עמלה 4 ₪) | מזומן שנותר: 24,572 ₪"
07/10 07:26,"/buy PLTR 3,571 ₪",done,"🟢 בוצע: קנייה PLTR | 6 × $193.15 = 3,553 ₪ (עמלה 5 ₪) | מזומן שנותר: 21,014 ₪"
07/10 07:26,"/buy SOFI 3,571 ₪",done,"🟢 בוצע: קנייה SOFI | 74 × $15.64 = 3,549 ₪ (עמלה 5 ₪) | מזומן שנותר: 17,460 ₪"
07/10 07:26,"/buy RKLB 3,571 ₪",done,"🟢 בוצע: קנייה RKLB | 16 × $71.96 = 3,530 ₪ (עמלה 5 ₪) | מזומן שנותר: 13,925 ₪"
07/10 07:26,"/buy TSLA 3,571 ₪",done,"🟢 בוצע: קנייה TSLA | 3 × $377.49 = 3,472 ₪ (עמלה 5 ₪) | מזומן שנותר: 10,447 ₪"
07/10 07:26,"/buy ZIM 3,571 ₪",done,"🟢 בוצע: קנייה ZIM | 38 × $30.04 = 3,500 ₪ (עמלה 5 ₪) | מזומן שנותר: 6,942 ₪"
07/10 14:19,"/buy SPY 3,571 ₪",done,"🟢 בוצע: קנייה SPY | 1 × $777.17 = 2,383 ₪ (עמלה 4 ₪) | מזומן שנותר: 4,555 ₪"
07/10 14:19,"/buy QQQ 3,571 ₪",done,"🟢 בוצע: קנייה QQQ | 1 × $756.97 = 2,321 ₪ (עמלה 3 ₪) | מזומן שנותר: 2,231 ₪"
07/10 14:19,"/buy NVDA 3,571 ₪",done,"🟢 בוצע: קנייה NVDA | 3 × $237.02 = 2,180 ₪ (עמלה 3 ₪) | מזומן שנותר: 47 ₪"
07/10 14:19,"/buy AMD 3,571 ₪",rejected,"❌ הסכום קטן ממחיר מניה אחת של AMD (1,971 ₪)."
07/10 14:19,"/buy MRVL 3,571 ₪",rejected,❌ הסכום קטן ממחיר מניה אחת של MRVL (870 ₪).
07/10 14:19,"/buy CRDO 3,571 ₪",rejected,❌ הסכום קטן ממחיר מניה אחת של CRDO (670 ₪).
07/10 14:19,"/buy ANET 3,571 ₪",rejected,❌ הסכום קטן ממחיר מניה אחת של ANET (662 ₪).
07/10 14:19,"/buy AMAT 3,571 ₪",rejected,"❌ הסכום קטן ממחיר מניה אחת של AMAT (1,593 ₪)."
07/10 14:19,"/buy PANW 3,571 ₪",rejected,"❌ הסכום קטן ממחיר מניה אחת של PANW (1,241 ₪)."
07/10 14:19,"/buy PLTR 3,571 ₪",rejected,❌ הסכום קטן ממחיר מניה אחת של PLTR (592 ₪).
07/10 14:19,"/buy SOFI 3,571 ₪",rejected,❌ הסכום קטן ממחיר מניה אחת של SOFI (48 ₪).
07/10 14:19,"/buy RKLB 3,571 ₪",rejected,❌ הסכום קטן ממחיר מניה אחת של RKLB (221 ₪).
07/10 14:19,"/buy TSLA 3,571 ₪",rejected,"❌ הסכום קטן ממחיר מניה אחת של TSLA (1,157 ₪)."
07/10 14:19,"/buy ZIM 3,571 ₪",rejected,❌ הסכום קטן ממחיר מניה אחת של ZIM (92 ₪).
