symbol,shares,avg_price,currency,cost_ils,opened
SPY,2.0,777.17,USD,4772.9102,2026-10-07
QQQ,2.0,756.9684,USD,4648.8442,2026-10-07
NVDA,7.0,237.025,USD,5094.8269,2026-10-07
AMD,1.0,642.74,USD,1973.6611,2026-10-07
MRVL,4.0,283.63,USD,3483.7695,2026-10-07
CRDO,5.0,218.495,USD,3354.6618,2026-10-07
ANET,5.0,215.94,USD,3315.4338,2026-10-07
AMAT,2.0,519.66,USD,3191.4388,2026-10-07
PANW,2.0,404.89,USD,2486.5908,2026-10-07
PLTR,6.0,193.145,USD,3558.5411,2026-10-07
SOFI,74.0,15.64,USD,3553.9043,2026-10-07
RKLB,16.0,71.955,USD,3535.2345,2026-10-07
TSLA,3.0,377.4901,USD,3477.4756,2026-10-07
ZIM,38.0,30.04,USD,3505.2645,2026-10-07
