time,side,symbol,shares,price,currency,fx,value_ils,commission_ils,pnl_ils,pnl_pct
07/10 22:28,קנייה,SPY,1,777.17,USD,3.0661,2383,3.6,,
07/10 22:28,קנייה,QQQ,1,756.9684,USD,3.0661,2321,3.5,,
07/10 22:28,קנייה,NVDA,4,237.025,USD,3.0661,2907,4.4,,
07/10 22:28,קנייה,AMD,1,642.74,USD,3.0661,1971,3.0,,
07/10 22:28,קנייה,MRVL,4,283.63,USD,3.0661,3479,5.2,,
07/10 22:28,קנייה,CRDO,5,218.495,USD,3.0661,3350,5.0,,
07/10 22:28,קנייה,ANET,5,215.94,USD,3.0661,3310,5.0,,
07/10 22:28,קנייה,AMAT,2,519.66,USD,3.0661,3187,4.8,,
07/10 22:28,קנייה,PANW,2,404.89,USD,3.0661,2483,3.7,,
07/10 22:28,קנייה,PLTR,6,193.145,USD,3.0661,3553,5.3,,
07/10 22:28,קנייה,SOFI,74,15.64,USD,3.0661,3549,5.3,,
07/10 22:28,קנייה,RKLB,16,71.955,USD,3.0661,3530,5.3,,
07/10 22:28,קנייה,TSLA,3,377.4901,USD,3.0661,3472,5.2,,
07/10 22:28,קנייה,ZIM,38,30.04,USD,3.0661,3500,5.3,,
07/10 22:28,קנייה,SPY,1,777.17,USD,3.0661,2383,3.6,,
07/10 22:28,קנייה,QQQ,1,756.9684,USD,3.0661,2321,3.5,,
07/10 22:28,קנייה,NVDA,3,237.025,USD,3.0661,2180,3.3,,
